Workbook

Sheet Regras
A1: Regras do Bolão – Copa do Mundo 2026
A3: Pontuação (por jogo)
A4: • 3 pontos: placar exato
A5: • 1 ponto: resultado correto (vitória/empate/derrota), sem placar exato
A6: • 0 ponto: erro
A8: Prêmio
A9: • O prêmio será um sorvete, pago pelo perdedor. Local a critério do vencedor.

Sheet Listas
A1: Seleções | C1: SimNao
A2: TBD | C2: Sim
A3: Alemanha | C3: Não
A4: Argentina
A5: Argélia
A6: Arábia
A7: Arábia Saudita
A8: Austrália
A9: Brasil
A10: Bélgica
A11: Bósnia
A12: Bósnia e Herzegovina
A13: Cabo
A14: Cabo Verde
A15: Canadá
... A58: Áustria

Sheet Jogos
A1: ID | B1: Fase | C1: Grupo | D1: Data | E1: Hora local | F1: Hora (Brasília) | G1: Local | H1: Seleção A | I1: Gols A | J1: Seleção B | K1: Gols B | L1: Observações
A2: 1 | B2: Fase de Grupos | C2: A | D2: 46184 | E2: 0.54166667 | F2: 0.66666667 | G2: do Sul Cidade do México, no México | H2: México | J2: África
A3: 2 | B3: Fase de Grupos | C3: A | D3: 46184 | E3: 0.83333333 | F3: 0.95833333 | G3: Tcheca Guadalajara | H3: República da Coreia | J3: República
A4: 3 | B4: Fase de Grupos | C4: B | D4: 46185 | E4: 0.625 | F4: 0.66666667 | G4: e Herzegovina Toronto, no Canadá | H4: Canadá | J4: Bósnia
A5: 4 | B5: Fase de Grupos | C5: D | D5: 46185 | E5: 0.75 | F5: 0.91666667 | G5: Los Angeles, nos EUA | H5: Estados Unidos | J5: Paraguai
A6: 5 | B6: Fase de Grupos | C6: B | D6: 46186 | E6: 0.5 | F6: 0.66666667 | G6: Santa Clara (região da Baía de San Francisco), nos EUA | H6: Catar | J6: Suíça
A7: 6 | B7: Fase de Grupos | C7: C | D7: 46186 | E7: 0.75 | F7: 0.79166667 | G7: Nova York/Nova Jersey, nos EUA | H7: Brasil | J7: Marrocos
A8: 7 | B8: Fase de Grupos | C8: C | D8: 46186 | E8: 0.875 | F8: 0.91666667 | G8: Boston, nos EUA | H8: Haiti | J8: Escócia
A9: 8 | B9: Fase de Grupos | C9: D | D9: 46186 | E9: 0.875 | F9: 0.041666667 | G9: Vancouver, no Canadá | H9: Austrália | J9: Turquia
A10: 9 | B10: Fase de Grupos | C10: E | D10: 46187 | E10: 0.5 | F10: 0.58333333 | G10: Houston, nos EUA | H10: Alemanha | J10: Curaçau
A11: 10 | B11: Fase de Grupos | C11: E | D11: 46187 | E11: 0.79166667 | F11: 0.83333333 | G11: Filadélfia, nos EUA | H11: Costa do Marfim | J11: Equador
A12: 11 | B12: Fase de Grupos | C12: F | D12: 46187 | E12: 0.625 | F12: 0.70833333 | G12: Dallas, nos EUA | H12: Holanda | J12: Japão
A13: 12 | B13: Fase de Grupos | C13: F | D13: 46187 | E13: 0.83333333 | F13: 0.95833333 | G13: Monterrey, no México | H13: Suécia | J13: Tunísia
... A73: 72 | B73: Fase de Grupos | C73: J | D73: 46200 | E73: 0.875 | F73: 0.95833333 | G73: Dallas, nos EUA | H73: Jordânia | J73: Argentina
A74: 73 | B74: Rodada de 32 (16-avos) | D74: 46201 | G74: Los Angeles, nos EUA | H74: Segundo colocado do Grupo A | J74: Segundo colocado do Grupo B
A75: 74 | B75: Rodada de 32 (16-avos) | D75: 46202 | G75: Boston, nos EUA | H75: Vencedor do Grupo E | J75: Terceiro colocado dos Grupos A/B/C/D/F
A76: 75 | B76: Rodada de 32 (16-avos) | D76: 46202 | G76: Monterrey, no México | H76: Vencedor do Grupo F | J76: Segundo colocado do Grupo C
A77: 76 | B77: Rodada de 32 (16-avos) | D77: 46202 | G77: Houston, nos EUA | H77: Vencedor do Grupo C | J77: Segundo colocado do Grupo F
A78: 77 | B78: Rodada de 32 (16-avos) | D78: 46203 | G78: Nova York/Nova Jersey, nos EUA | H78: Vencedor do Grupo I | J78: Terceiro colocado dos Grupos C/D/F/G/H
A79: 78 | B79: Rodada de 32 (16-avos) | D79: 46203 | G79: Dallas, nos EUA | H79: Segundo colocado do Grupo E | J79: Segundo colocado do Grupo I
A80: 79 | B80: Rodada de 32 (16-avos) | D80: 46203 | G80: Cidade do México, no México | H80: Vencedor do Grupo A | J80: Terceiro colocado dos Grupos C/E/F/H/I
A81: 80 | B81: Rodada de 32 (16-avos) | D81: 46204 | G81: Atlanta, nos EUA | H81: Vencedor do Grupo L | J81: Terceiro colocado dos Grupos E/H/I/J/K
A82: 81 | B82: Rodada de 32 (16-avos) | D82: 46204 | G82: Santa Clara (região da Baía de San Francisco), nos EUA | H82: Vencedor do Grupo D | J82: Terceiro colocado dos Grupos B/E/F/I/J
A83: 82 | B83: Rodada de 32 (16-avos) | D83: 46204 | G83: Seattle, nos EUA | H83: Vencedor do Grupo G | J83: Terceiro colocado dos Grupos A/E/H/I/J
A84: 83 | B84: Rodada de 32 (16-avos) | D84: 46205 | G84: Toronto, no Canadá | H84: Segundo colocado do Grupo K | J84: Segundo colocado do Grupo L
A85: 84 | B85: Rodada de 32 (16-avos) | D85: 46205 | G85: Los Angeles, nos EUA | H85: Vencedor do Grupo H | J85: Segundo colocado do Grupo J
... A105: 104 | B105: Final | D105: 46222 | G105: Nova York/Nova Jersey, nos EUA | H105: Vencedor do jogo 101 | J105: Vencedor do jogo 102

Sheet Participantes
A1: ID | B1: Nome | C1: Apelido | D1: Email | E1: WhatsApp | F1: Pago? | G1: Observações
A2: 1 | F2: Não
A3: 2 | F3: Não
A4: 3 | F4: Não
A5: 4 | F5: Não
A6: 5 | F6: Não
A7: 6 | F7: Não
A8: 7 | F8: Não
A9: 8 | F9: Não
A10: 9 | F10: Não
A11: 10 | F11: Não
A12: 11 | F12: Não
A13: 12 | F13: Não
... A101: 100 | F101: Não

Sheet Palpites
A1: Participante | B1: Jogo ID | C1: Seleção A | D1: Seleção B | E1: Palpite Gols A | F1: Palpite Gols B | G1: Gols Reais A | H1: Gols Reais B | I1: Pontos
C2: =IF($B2="","",VLOOKUP($B2,Jogos!$A$2:$K$105,8,FALSE)) | D2: =IF($B2="","",VLOOKUP($B2,Jogos!$A$2:$K$105,10,FALSE)) | G2: =IF($B2="","",VLOOKUP($B2,Jogos!$A$2:$K$105,9,FALSE)) | H2: =IF($B2="","",VLOOKUP($B2,Jogos!$A$2:$K$105,11,FALSE)) | I2: =IF(OR($A2="", $B2="", $E2="", $F2="", $G2="", $H2=""), "",IF(AND($E2=$G2, $F2=$H2), 3, IF(SIGN($E2-$F2)=SIGN($G2-$H2), 1, 0))))
C3: =IF($B3="","",VLOOKUP($B3,Jogos!$A$2:$K$105,8,FALSE)) | D3: =IF($B3="","",VLOOKUP($B3,Jogos!$A$2:$K$105,10,FALSE)) | G3: =IF($B3="","",VLOOKUP($B3,Jogos!$A$2:$K$105,9,FALSE)) | H3: =IF($B3="","",VLOOKUP($B3,Jogos!$A$2:$K$105,11,FALSE)) | I3: =IF(OR($A3="", $B3="", $E3="", $F3="", $G3="", $H3=""), "",IF(AND($E3=$G3, $F3=$H3), 3, IF(SIGN($E3-$F3)=SIGN($G3-$H3), 1, 0))))
C4: =IF($B4="","",VLOOKUP($B4,Jogos!$A$2:$K$105,8,FALSE)) | D4: =IF($B4="","",VLOOKUP($B4,Jogos!$A$2:$K$105,10,FALSE)) | G4: =IF($B4="","",VLOOKUP($B4,Jogos!$A$2:$K$105,9,FALSE)) | H4: =IF($B4="","",VLOOKUP($B4,Jogos!$A$2:$K$105,11,FALSE)) | I4: =IF(OR($A4="", $B4="", $E4="", $F4="", $G4="", $H4=""), "",IF(AND($E4=$G4, $F4=$H4), 3, IF(SIGN($E4-$F4)=SIGN($G4-$H4), 1, 0))))
C5: =IF($B5="","",VLOOKUP($B5,Jogos!$A$2:$K$105,8,FALSE)) | D5: =IF($B5="","",VLOOKUP($B5,Jogos!$A$2:$K$105,10,FALSE)) | G5: =IF($B5="","",VLOOKUP($B5,Jogos!$A$2:$K$105,9,FALSE)) | H5: =IF($B5="","",VLOOKUP($B5,Jogos!$A$2:$K$105,11,FALSE)) | I5: =IF(OR($A5="", $B5="", $E5="", $F5="", $G5="", $H5=""), "",IF(AND($E5=$G5, $F5=$H5), 3, IF(SIGN($E5-$F5)=SIGN($G5-$H5), 1, 0))))
C6: =IF($B6="","",VLOOKUP($B6,Jogos!$A$2:$K$105,8,FALSE)) | D6: =IF($B6="","",VLOOKUP($B6,Jogos!$A$2:$K$105,10,FALSE)) | G6: =IF($B6="","",VLOOKUP($B6,Jogos!$A$2:$K$105,9,FALSE)) | H6: =IF($B6="","",VLOOKUP($B6,Jogos!$A$2:$K$105,11,FALSE)) | I6: =IF(OR($A6="", $B6="", $E6="", $F6="", $G6="", $H6=""), "",IF(AND($E6=$G6, $F6=$H6), 3, IF(SIGN($E6-$F6)=SIGN($G6-$H6), 1, 0))))
C7: =IF($B7="","",VLOOKUP($B7,Jogos!$A$2:$K$105,8,FALSE)) | D7: =IF($B7="","",VLOOKUP($B7,Jogos!$A$2:$K$105,10,FALSE)) | G7: =IF($B7="","",VLOOKUP($B7,Jogos!$A$2:$K$105,9,FALSE)) | H7: =IF($B7="","",VLOOKUP($B7,Jogos!$A$2:$K$105,11,FALSE)) | I7: =IF(OR($A7="", $B7="", $E7="", $F7="", $G7="", $H7=""), "",IF(AND($E7=$G7, $F7=$H7), 3, IF(SIGN($E7-$F7)=SIGN($G7-$H7), 1, 0))))
C8: =IF($B8="","",VLOOKUP($B8,Jogos!$A$2:$K$105,8,FALSE)) | D8: =IF($B8="","",VLOOKUP($B8,Jogos!$A$2:$K$105,10,FALSE)) | G8: =IF($B8="","",VLOOKUP($B8,Jogos!$A$2:$K$105,9,FALSE)) | H8: =IF($B8="","",VLOOKUP($B8,Jogos!$A$2:$K$105,11,FALSE)) | I8: =IF(OR($A8="", $B8="", $E8="", $F8="", $G8="", $H8=""), "",IF(AND($E8=$G8, $F8=$H8), 3, IF(SIGN($E8-$F8)=SIGN($G8-$H8), 1, 0))))
C9: =IF($B9="","",VLOOKUP($B9,Jogos!$A$2:$K$105,8,FALSE)) | D9: =IF($B9="","",VLOOKUP($B9,Jogos!$A$2:$K$105,10,FALSE)) | G9: =IF($B9="","",VLOOKUP($B9,Jogos!$A$2:$K$105,9,FALSE)) | H9: =IF($B9="","",VLOOKUP($B9,Jogos!$A$2:$K$105,11,FALSE)) | I9: =IF(OR($A9="", $B9="", $E9="", $F9="", $G9="", $H9=""), "",IF(AND($E9=$G9, $F9=$H9), 3, IF(SIGN($E9-$F9)=SIGN($G9-$H9), 1, 0))))
C10: =IF($B10="","",VLOOKUP($B10,Jogos!$A$2:$K$105,8,FALSE)) | D10: =IF($B10="","",VLOOKUP($B10,Jogos!$A$2:$K$105,10,FALSE)) | G10: =IF($B10="","",VLOOKUP($B10,Jogos!$A$2:$K$105,9,FALSE)) | H10: =IF($B10="","",VLOOKUP($B10,Jogos!$A$2:$K$105,11,FALSE)) | I10: =IF(OR($A10="", $B10="", $E10="", $F10="", $G10="", $H10=""), "",IF(AND($E10=$G10, $F10=$H10), 3, IF(SIGN($E10-$F10)=SIGN($G10-$H10), 1, 0))))
C11: =IF($B11="","",VLOOKUP($B11,Jogos!$A$2:$K$105,8,FALSE)) | D11: =IF($B11="","",VLOOKUP($B11,Jogos!$A$2:$K$105,10,FALSE)) | G11: =IF($B11="","",VLOOKUP($B11,Jogos!$A$2:$K$105,9,FALSE)) | H11: =IF($B11="","",VLOOKUP($B11,Jogos!$A$2:$K$105,11,FALSE)) | I11: =IF(OR($A11="", $B11="", $E11="", $F11="", $G11="", $H11=""), "",IF(AND($E11=$G11, $F11=$H11), 3, IF(SIGN($E11-$F11)=SIGN($G11-$H11), 1, 0))))
C12: =IF($B12="","",VLOOKUP($B12,Jogos!$A$2:$K$105,8,FALSE)) | D12: =IF($B12="","",VLOOKUP($B12,Jogos!$A$2:$K$105,10,FALSE)) | G12: =IF($B12="","",VLOOKUP($B12,Jogos!$A$2:$K$105,9,FALSE)) | H12: =IF($B12="","",VLOOKUP($B12,Jogos!$A$2:$K$105,11,FALSE)) | I12: =IF(OR($A12="", $B12="", $E12="", $F12="", $G12="", $H12=""), "",IF(AND($E12=$G12, $F12=$H12), 3, IF(SIGN($E12-$F12)=SIGN($G12-$H12), 1, 0))))
C13: =IF($B13="","",VLOOKUP($B13,Jogos!$A$2:$K$105,8,FALSE)) | D13: =IF($B13="","",VLOOKUP($B13,Jogos!$A$2:$K$105,10,FALSE)) | G13: =IF($B13="","",VLOOKUP($B13,Jogos!$A$2:$K$105,9,FALSE)) | H13: =IF($B13="","",VLOOKUP($B13,Jogos!$A$2:$K$105,11,FALSE)) | I13: =IF(OR($A13="", $B13="", $E13="", $F13="", $G13="", $H13=""), "",IF(AND($E13=$G13, $F13=$H13), 3, IF(SIGN($E13-$F13)=SIGN($G13-$H13), 1, 0))))
... C2501: =IF($B2501="","",VLOOKUP($B2501,Jogos!$A$2:$K$105,8,FALSE)) | D2501: =IF($B2501="","",VLOOKUP($B2501,Jogos!$A$2:$K$105,10,FALSE)) | G2501: =IF($B2501="","",VLOOKUP($B2501,Jogos!$A$2:$K$105,9,FALSE)) | H2501: =IF($B2501="","",VLOOKUP($B2501,Jogos!$A$2:$K$105,11,FALSE)) | I2501: =IF(OR($A2501="", $B2501="", $E2501="", $F2501="", $G2501="", $H2501=""), "",IF(AND($E2501=$G2501, $F2501=$H2501), 3, IF(SIGN($E2501-$F2501)=SIGN($G2501-$H2501), 1, 0))))

Sheet Ranking
A1: Participante | B1: Pontos Totais | C1: Acertos Exatos (3) | D1: Resultados Corretos (>=1) | E1: Palpites Feitos | F1: Média
A2: =IF(Participantes!B2="","",Participantes!B2) | B2: =IF($A2="","",SUMIF(Palpites!$A:$A,$A2,Palpites!$I:$I)) | C2: =IF($A2="","",COUNTIFS(Palpites!$A:$A,$A2,Palpites!$I:$I,3)) | D2: =IF($A2="","",COUNTIFS(Palpites!$A:$A,$A2,Palpites!$I:$I,">=1")) | E2: =IF($A2="","",COUNTIF(Palpites!$A:$A,$A2)) | F2: =IF(OR($A2="", $E2=0), "", $B2/$E2) | H2: Dica: ordene por Pontos Totais (desc) para ver o ranking.
A3: =IF(Participantes!B3="","",Participantes!B3) | B3: =IF($A3="","",SUMIF(Palpites!$A:$A,$A3,Palpites!$I:$I)) | C3: =IF($A3="","",COUNTIFS(Palpites!$A:$A,$A3,Palpites!$I:$I,3)) | D3: =IF($A3="","",COUNTIFS(Palpites!$A:$A,$A3,Palpites!$I:$I,">=1")) | E3: =IF($A3="","",COUNTIF(Palpites!$A:$A,$A3)) | F3: =IF(OR($A3="", $E3=0), "", $B3/$E3)
A4: =IF(Participantes!B4="","",Participantes!B4) | B4: =IF($A4="","",SUMIF(Palpites!$A:$A,$A4,Palpites!$I:$I)) | C4: =IF($A4="","",COUNTIFS(Palpites!$A:$A,$A4,Palpites!$I:$I,3)) | D4: =IF($A4="","",COUNTIFS(Palpites!$A:$A,$A4,Palpites!$I:$I,">=1")) | E4: =IF($A4="","",COUNTIF(Palpites!$A:$A,$A4)) | F4: =IF(OR($A4="", $E4=0), "", $B4/$E4)
A5: =IF(Participantes!B5="","",Participantes!B5) | B5: =IF($A5="","",SUMIF(Palpites!$A:$A,$A5,Palpites!$I:$I)) | C5: =IF($A5="","",COUNTIFS(Palpites!$A:$A,$A5,Palpites!$I:$I,3)) | D5: =IF($A5="","",COUNTIFS(Palpites!$A:$A,$A5,Palpites!$I:$I,">=1")) | E5: =IF($A5="","",COUNTIF(Palpites!$A:$A,$A5)) | F5: =IF(OR($A5="", $E5=0), "", $B5/$E5)
A6: =IF(Participantes!B6="","",Participantes!B6) | B6: =IF($A6="","",SUMIF(Palpites!$A:$A,$A6,Palpites!$I:$I)) | C6: =IF($A6="","",COUNTIFS(Palpites!$A:$A,$A6,Palpites!$I:$I,3)) | D6: =IF($A6="","",COUNTIFS(Palpites!$A:$A,$A6,Palpites!$I:$I,">=1")) | E6: =IF($A6="","",COUNTIF(Palpites!$A:$A,$A6)) | F6: =IF(OR($A6="", $E6=0), "", $B6/$E6)
A7: =IF(Participantes!B7="","",Participantes!B7) | B7: =IF($A7="","",SUMIF(Palpites!$A:$A,$A7,Palpites!$I:$I)) | C7: =IF($A7="","",COUNTIFS(Palpites!$A:$A,$A7,Palpites!$I:$I,3)) | D7: =IF($A7="","",COUNTIFS(Palpites!$A:$A,$A7,Palpites!$I:$I,">=1")) | E7: =IF($A7="","",COUNTIF(Palpites!$A:$A,$A7)) | F7: =IF(OR($A7="", $E7=0), "", $B7/$E7)
A8: =IF(Participantes!B8="","",Participantes!B8) | B8: =IF($A8="","",SUMIF(Palpites!$A:$A,$A8,Palpites!$I:$I)) | C8: =IF($A8="","",COUNTIFS(Palpites!$A:$A,$A8,Palpites!$I:$I,3)) | D8: =IF($A8="","",COUNTIFS(Palpites!$A:$A,$A8,Palpites!$I:$I,">=1")) | E8: =IF($A8="","",COUNTIF(Palpites!$A:$A,$A8)) | F8: =IF(OR($A8="", $E8=0), "", $B8/$E8)
A9: =IF(Participantes!B9="","",Participantes!B9) | B9: =IF($A9="","",SUMIF(Palpites!$A:$A,$A9,Palpites!$I:$I)) | C9: =IF($A9="","",COUNTIFS(Palpites!$A:$A,$A9,Palpites!$I:$I,3)) | D9: =IF($A9="","",COUNTIFS(Palpites!$A:$A,$A9,Palpites!$I:$I,">=1")) | E9: =IF($A9="","",COUNTIF(Palpites!$A:$A,$A9)) | F9: =IF(OR($A9="", $E9=0), "", $B9/$E9)
A10: =IF(Participantes!B10="","",Participantes!B10) | B10: =IF($A10="","",SUMIF(Palpites!$A:$A,$A10,Palpites!$I:$I)) | C10: =IF($A10="","",COUNTIFS(Palpites!$A:$A,$A10,Palpites!$I:$I,3)) | D10: =IF($A10="","",COUNTIFS(Palpites!$A:$A,$A10,Palpites!$I:$I,">=1")) | E10: =IF($A10="","",COUNTIF(Palpites!$A:$A,$A10)) | F10: =IF(OR($A10="", $E10=0), "", $B10/$E10)
A11: =IF(Participantes!B11="","",Participantes!B11) | B11: =IF($A11="","",SUMIF(Palpites!$A:$A,$A11,Palpites!$I:$I)) | C11: =IF($A11="","",COUNTIFS(Palpites!$A:$A,$A11,Palpites!$I:$I,3)) | D11: =IF($A11="","",COUNTIFS(Palpites!$A:$A,$A11,Palpites!$I:$I,">=1")) | E11: =IF($A11="","",COUNTIF(Palpites!$A:$A,$A11)) | F11: =IF(OR($A11="", $E11=0), "", $B11/$E11)
A12: =IF(Participantes!B12="","",Participantes!B12) | B12: =IF($A12="","",SUMIF(Palpites!$A:$A,$A12,Palpites!$I:$I)) | C12: =IF($A12="","",COUNTIFS(Palpites!$A:$A,$A12,Palpites!$I:$I,3)) | D12: =IF($A12="","",COUNTIFS(Palpites!$A:$A,$A12,Palpites!$I:$I,">=1")) | E12: =IF($A12="","",COUNTIF(Palpites!$A:$A,$A12)) | F12: =IF(OR($A12="", $E12=0), "", $B12/$E12)
A13: =IF(Participantes!B13="","",Participantes!B13) | B13: =IF($A13="","",SUMIF(Palpites!$A:$A,$A13,Palpites!$I:$I)) | C13: =IF($A13="","",COUNTIFS(Palpites!$A:$A,$A13,Palpites!$I:$I,3)) | D13: =IF($A13="","",COUNTIFS(Palpites!$A:$A,$A13,Palpites!$I:$I,">=1")) | E13: =IF($A13="","",COUNTIF(Palpites!$A:$A,$A13)) | F13: =IF(OR($A13="", $E13=0), "", $B13/$E13)
A14: =IF(Participantes!B14="","",Participantes!B14) | B14: =IF($A14="","",SUMIF(Palpites!$A:$A,$A14,Palpites!$I:$I)) | C14: =IF($A14="","",COUNTIFS(Palpites!$A:$A,$A14,Palpites!$I:$I,3)) | D14: =IF($A14="","",COUNTIFS(Palpites!$A:$A,$A14,Palpites!$I:$I,">=1")) | E14: =IF($A14="","",COUNTIF(Palpites!$A:$A,$A14)) | F14: =IF(OR($A14="", $E14=0), "", $B14/$E14)
... A101: =IF(Participantes!B101="","",Participantes!B101) | B101: =IF($A101="","",SUMIF(Palpites!$A:$A,$A101,Palpites!$I:$I)) | C101: =IF($A101="","",COUNTIFS(Palpites!$A:$A,$A101,Palpites!$I:$I,3)) | D101: =IF($A101="","",COUNTIFS(Palpites!$A:$A,$A101,Palpites!$I:$I,">=1")) | E101: =IF($A101="","",COUNTIF(Palpites!$A:$A,$A101)) | F101: =IF(OR($A101="", $E101=0), "", $B101/$E101)
