Workbook

Sheet Tabela de Jogos
A1: Match # | B1: Date | C1: Stage | D1: Home Team | E1: Away Team | F1: Venue | G1: Time Zone | H1: Actual Home | I1: Actual Away | J1: Result Notes
A2: 1 | B2: 2026-06-11 | C2: Group A | D2: Mexico | E2: South Africa | F2: Estadio Azteca | G2: UTC-6
A3: 2 | B3: 2026-06-11 | C3: Group A | D3: South Korea | E3: Czech Republic | F3: Estadio Azteca | G3: UTC-6
A4: 3 | B4: 2026-06-12 | C4: Group B | D4: Canada | E4: Bosnia and Herzegovina | F4: BMO Field | G4: UTC-4
A5: 4 | B5: 2026-06-12 | C5: Group D | D5: United States | E5: Paraguay | F5: SoFi Stadium | G5: UTC-7
A6: 5 | B6: 2026-06-13 | C6: Group C | D6: Haiti | E6: Scotland | F6: MetLife Stadium | G6: UTC-4
A7: 6 | B7: 2026-06-13 | C7: Group D | D7: Australia | E7: Turkey | F7: SoFi Stadium | G7: UTC-7
A8: 7 | B8: 2026-06-13 | C8: Group C | D8: Brazil | E8: Morocco | F8: MetLife Stadium | G8: UTC-4
A9: 8 | B9: 2026-06-13 | C9: Group B | D9: Qatar | E9: Switzerland | F9: BMO Field | G9: UTC-7
A10: 9 | B10: 2026-06-14 | C10: Group E | D10: Ivory Coast | E10: Ecuador | F10: NRG Stadium | G10: UTC-4
A11: 10 | B11: 2026-06-14 | C11: Group E | D11: Germany | E11: Curaçao | F11: NRG Stadium | G11: UTC-4
A12: 11 | B12: 2026-06-14 | C12: Group F | D12: Netherlands | E12: Japan | F12: AT&T Stadium | G12: UTC-6
A13: 12 | B13: 2026-06-14 | C13: Group F | D13: Sweden | E13: Tunisia | F13: AT&T Stadium | G13: UTC-6
... A105: 104 | B105: 2026-07-19 | C105: Final | D105: W101 | E105: W102 | F105: MetLife Stadium | G105: UTC-4

Sheet Lists
A1: Team Names | B1: Match Number
A2: Mexico | B2: 1
A3: South Africa | B3: 2
A4: South Korea | B4: 3
A5: Czech Republic | B5: 4
A6: Canada | B6: 5
A7: Bosnia and Herzegovina | B7: 6
A8: Qatar | B8: 7
A9: Switzerland | B9: 8
A10: Brazil | B10: 9
A11: Morocco | B11: 10
A12: Haiti | B12: 11
A13: Scotland | B13: 12
... A49: Panama | B49: 48
B50: 49
B51: 50
B52: 51
B53: 52
B54: 53
B55: 54
B56: 55
B57: 56
B58: 57
B59: 58
B60: 59
B61: 60
... B105: 104

Sheet Cadastro de Participantes
A1: Participant | B1: Email | C1: Phone | D1: Nickname | E1: Group / Team

Sheet Controle de Palpites
A1: Row | B1: Participant | C1: Match # | D1: Home Team | E1: Away Team | F1: Pred Home | G1: Pred Away | H1: Real Home | I1: Real Away | J1: Points | K1: Outcome Status
A2: 1 | D2: =IFERROR(VLOOKUP($C2,'Tabela de Jogos'!$A:$J,4,FALSE),"") | E2: =IFERROR(VLOOKUP($C2,'Tabela de Jogos'!$A:$J,5,FALSE),"") | H2: =IFERROR(VLOOKUP($C2,'Tabela de Jogos'!$A:$J,8,FALSE),"") | I2: =IFERROR(VLOOKUP($C2,'Tabela de Jogos'!$A:$J,9,FALSE),"") | J2: =IF(OR($F2="",$G2="",$H2="",$I2=""),"",IF(AND($F2=$H2,$G2=$I2),3,IF(SIGN($F2-$G2)=SIGN($H2-$I2),1,0))) | K2: =IF($J2="","",IF($J2=3,"Exact",IF($J2=1,"Correct","Miss")))
A3: 2 | D3: =IFERROR(VLOOKUP($C3,'Tabela de Jogos'!$A:$J,4,FALSE),"") | E3: =IFERROR(VLOOKUP($C3,'Tabela de Jogos'!$A:$J,5,FALSE),"") | H3: =IFERROR(VLOOKUP($C3,'Tabela de Jogos'!$A:$J,8,FALSE),"") | I3: =IFERROR(VLOOKUP($C3,'Tabela de Jogos'!$A:$J,9,FALSE),"") | J3: =IF(OR($F3="",$G3="",$H3="",$I3=""),"",IF(AND($F3=$H3,$G3=$I3),3,IF(SIGN($F3-$G3)=SIGN($H3-$I3),1,0))) | K3: =IF($J3="","",IF($J3=3,"Exact",IF($J3=1,"Correct","Miss")))
A4: 3 | D4: =IFERROR(VLOOKUP($C4,'Tabela de Jogos'!$A:$J,4,FALSE),"") | E4: =IFERROR(VLOOKUP($C4,'Tabela de Jogos'!$A:$J,5,FALSE),"") | H4: =IFERROR(VLOOKUP($C4,'Tabela de Jogos'!$A:$J,8,FALSE),"") | I4: =IFERROR(VLOOKUP($C4,'Tabela de Jogos'!$A:$J,9,FALSE),"") | J4: =IF(OR($F4="",$G4="",$H4="",$I4=""),"",IF(AND($F4=$H4,$G4=$I4),3,IF(SIGN($F4-$G4)=SIGN($H4-$I4),1,0))) | K4: =IF($J4="","",IF($J4=3,"Exact",IF($J4=1,"Correct","Miss")))
A5: 4 | D5: =IFERROR(VLOOKUP($C5,'Tabela de Jogos'!$A:$J,4,FALSE),"") | E5: =IFERROR(VLOOKUP($C5,'Tabela de Jogos'!$A:$J,5,FALSE),"") | H5: =IFERROR(VLOOKUP($C5,'Tabela de Jogos'!$A:$J,8,FALSE),"") | I5: =IFERROR(VLOOKUP($C5,'Tabela de Jogos'!$A:$J,9,FALSE),"") | J5: =IF(OR($F5="",$G5="",$H5="",$I5=""),"",IF(AND($F5=$H5,$G5=$I5),3,IF(SIGN($F5-$G5)=SIGN($H5-$I5),1,0))) | K5: =IF($J5="","",IF($J5=3,"Exact",IF($J5=1,"Correct","Miss")))
A6: 5 | D6: =IFERROR(VLOOKUP($C6,'Tabela de Jogos'!$A:$J,4,FALSE),"") | E6: =IFERROR(VLOOKUP($C6,'Tabela de Jogos'!$A:$J,5,FALSE),"") | H6: =IFERROR(VLOOKUP($C6,'Tabela de Jogos'!$A:$J,8,FALSE),"") | I6: =IFERROR(VLOOKUP($C6,'Tabela de Jogos'!$A:$J,9,FALSE),"") | J6: =IF(OR($F6="",$G6="",$H6="",$I6=""),"",IF(AND($F6=$H6,$G6=$I6),3,IF(SIGN($F6-$G6)=SIGN($H6-$I6),1,0))) | K6: =IF($J6="","",IF($J6=3,"Exact",IF($J6=1,"Correct","Miss")))
A7: 6 | D7: =IFERROR(VLOOKUP($C7,'Tabela de Jogos'!$A:$J,4,FALSE),"") | E7: =IFERROR(VLOOKUP($C7,'Tabela de Jogos'!$A:$J,5,FALSE),"") | H7: =IFERROR(VLOOKUP($C7,'Tabela de Jogos'!$A:$J,8,FALSE),"") | I7: =IFERROR(VLOOKUP($C7,'Tabela de Jogos'!$A:$J,9,FALSE),"") | J7: =IF(OR($F7="",$G7="",$H7="",$I7=""),"",IF(AND($F7=$H7,$G7=$I7),3,IF(SIGN($F7-$G7)=SIGN($H7-$I7),1,0))) | K7: =IF($J7="","",IF($J7=3,"Exact",IF($J7=1,"Correct","Miss")))
A8: 7 | D8: =IFERROR(VLOOKUP($C8,'Tabela de Jogos'!$A:$J,4,FALSE),"") | E8: =IFERROR(VLOOKUP($C8,'Tabela de Jogos'!$A:$J,5,FALSE),"") | H8: =IFERROR(VLOOKUP($C8,'Tabela de Jogos'!$A:$J,8,FALSE),"") | I8: =IFERROR(VLOOKUP($C8,'Tabela de Jogos'!$A:$J,9,FALSE),"") | J8: =IF(OR($F8="",$G8="",$H8="",$I8=""),"",IF(AND($F8=$H8,$G8=$I8),3,IF(SIGN($F8-$G8)=SIGN($H8-$I8),1,0))) | K8: =IF($J8="","",IF($J8=3,"Exact",IF($J8=1,"Correct","Miss")))
A9: 8 | D9: =IFERROR(VLOOKUP($C9,'Tabela de Jogos'!$A:$J,4,FALSE),"") | E9: =IFERROR(VLOOKUP($C9,'Tabela de Jogos'!$A:$J,5,FALSE),"") | H9: =IFERROR(VLOOKUP($C9,'Tabela de Jogos'!$A:$J,8,FALSE),"") | I9: =IFERROR(VLOOKUP($C9,'Tabela de Jogos'!$A:$J,9,FALSE),"") | J9: =IF(OR($F9="",$G9="",$H9="",$I9=""),"",IF(AND($F9=$H9,$G9=$I9),3,IF(SIGN($F9-$G9)=SIGN($H9-$I9),1,0))) | K9: =IF($J9="","",IF($J9=3,"Exact",IF($J9=1,"Correct","Miss")))
A10: 9 | D10: =IFERROR(VLOOKUP($C10,'Tabela de Jogos'!$A:$J,4,FALSE),"") | E10: =IFERROR(VLOOKUP($C10,'Tabela de Jogos'!$A:$J,5,FALSE),"") | H10: =IFERROR(VLOOKUP($C10,'Tabela de Jogos'!$A:$J,8,FALSE),"") | I10: =IFERROR(VLOOKUP($C10,'Tabela de Jogos'!$A:$J,9,FALSE),"") | J10: =IF(OR($F10="",$G10="",$H10="",$I10=""),"",IF(AND($F10=$H10,$G10=$I10),3,IF(SIGN($F10-$G10)=SIGN($H10-$I10),1,0))) | K10: =IF($J10="","",IF($J10=3,"Exact",IF($J10=1,"Correct","Miss")))
A11: 10 | D11: =IFERROR(VLOOKUP($C11,'Tabela de Jogos'!$A:$J,4,FALSE),"") | E11: =IFERROR(VLOOKUP($C11,'Tabela de Jogos'!$A:$J,5,FALSE),"") | H11: =IFERROR(VLOOKUP($C11,'Tabela de Jogos'!$A:$J,8,FALSE),"") | I11: =IFERROR(VLOOKUP($C11,'Tabela de Jogos'!$A:$J,9,FALSE),"") | J11: =IF(OR($F11="",$G11="",$H11="",$I11=""),"",IF(AND($F11=$H11,$G11=$I11),3,IF(SIGN($F11-$G11)=SIGN($H11-$I11),1,0))) | K11: =IF($J11="","",IF($J11=3,"Exact",IF($J11=1,"Correct","Miss")))
A12: 11 | D12: =IFERROR(VLOOKUP($C12,'Tabela de Jogos'!$A:$J,4,FALSE),"") | E12: =IFERROR(VLOOKUP($C12,'Tabela de Jogos'!$A:$J,5,FALSE),"") | H12: =IFERROR(VLOOKUP($C12,'Tabela de Jogos'!$A:$J,8,FALSE),"") | I12: =IFERROR(VLOOKUP($C12,'Tabela de Jogos'!$A:$J,9,FALSE),"") | J12: =IF(OR($F12="",$G12="",$H12="",$I12=""),"",IF(AND($F12=$H12,$G12=$I12),3,IF(SIGN($F12-$G12)=SIGN($H12-$I12),1,0))) | K12: =IF($J12="","",IF($J12=3,"Exact",IF($J12=1,"Correct","Miss")))
A13: 12 | D13: =IFERROR(VLOOKUP($C13,'Tabela de Jogos'!$A:$J,4,FALSE),"") | E13: =IFERROR(VLOOKUP($C13,'Tabela de Jogos'!$A:$J,5,FALSE),"") | H13: =IFERROR(VLOOKUP($C13,'Tabela de Jogos'!$A:$J,8,FALSE),"") | I13: =IFERROR(VLOOKUP($C13,'Tabela de Jogos'!$A:$J,9,FALSE),"") | J13: =IF(OR($F13="",$G13="",$H13="",$I13=""),"",IF(AND($F13=$H13,$G13=$I13),3,IF(SIGN($F13-$G13)=SIGN($H13-$I13),1,0))) | K13: =IF($J13="","",IF($J13=3,"Exact",IF($J13=1,"Correct","Miss")))
... A201: 200 | D201: =IFERROR(VLOOKUP($C201,'Tabela de Jogos'!$A:$J,4,FALSE),"") | E201: =IFERROR(VLOOKUP($C201,'Tabela de Jogos'!$A:$J,5,FALSE),"") | H201: =IFERROR(VLOOKUP($C201,'Tabela de Jogos'!$A:$J,8,FALSE),"") | I201: =IFERROR(VLOOKUP($C201,'Tabela de Jogos'!$A:$J,9,FALSE),"") | J201: =IF(OR($F201="",$G201="",$H201="",$I201=""),"",IF(AND($F201=$H201,$G201=$I201),3,IF(SIGN($F201-$G201)=SIGN($H201-$I201),1,0))) | K201: =IF($J201="","",IF($J201=3,"Exact",IF($J201=1,"Correct","Miss")))

Sheet Classificação e Ranking Geral
A1: Participant | B1: Matches | C1: Exact Hits | D1: Correct Outcomes | E1: Total Points | F1: Avg Points | G1: Rank
A2: =IFERROR(INDIRECT("Cadastro de Participantes!A" & ROW()),"") | B2: =IF($A2="","",COUNTIF('Controle de Palpites'!$B:$B,$A2)) | C2: =IF($A2="","",SUMIFS('Controle de Palpites'!$J:$J,'Controle de Palpites'!$B:$B,$A2,'Controle de Palpites'!$J:$J,3)) | D2: =IF($A2="","",COUNTIFS('Controle de Palpites'!$B:$B,$A2,'Controle de Palpites'!$J:$J,">=1")) | E2: =IF($A2="","",SUMIFS('Controle de Palpites'!$J:$J,'Controle de Palpites'!$B:$B,$A2)) | F2: =IF($B2=0,"",ROUND($E2/$B2,2)) | G2: =IF($E2="","",RANK($E2,$E$2:$E$101,0)+COUNTIFS($E$2:$E$101,$E2,$C$2:$C$101,">"&$C2))
A3: =IFERROR(INDIRECT("Cadastro de Participantes!A" & ROW()),"") | B3: =IF($A3="","",COUNTIF('Controle de Palpites'!$B:$B,$A3)) | C3: =IF($A3="","",SUMIFS('Controle de Palpites'!$J:$J,'Controle de Palpites'!$B:$B,$A3,'Controle de Palpites'!$J:$J,3)) | D3: =IF($A3="","",COUNTIFS('Controle de Palpites'!$B:$B,$A3,'Controle de Palpites'!$J:$J,">=1")) | E3: =IF($A3="","",SUMIFS('Controle de Palpites'!$J:$J,'Controle de Palpites'!$B:$B,$A3)) | F3: =IF($B3=0,"",ROUND($E3/$B3,2)) | G3: =IF($E3="","",RANK($E3,$E$2:$E$101,0)+COUNTIFS($E$2:$E$101,$E3,$C$2:$C$101,">"&$C3))
A4: =IFERROR(INDIRECT("Cadastro de Participantes!A" & ROW()),"") | B4: =IF($A4="","",COUNTIF('Controle de Palpites'!$B:$B,$A4)) | C4: =IF($A4="","",SUMIFS('Controle de Palpites'!$J:$J,'Controle de Palpites'!$B:$B,$A4,'Controle de Palpites'!$J:$J,3)) | D4: =IF($A4="","",COUNTIFS('Controle de Palpites'!$B:$B,$A4,'Controle de Palpites'!$J:$J,">=1")) | E4: =IF($A4="","",SUMIFS('Controle de Palpites'!$J:$J,'Controle de Palpites'!$B:$B,$A4)) | F4: =IF($B4=0,"",ROUND($E4/$B4,2)) | G4: =IF($E4="","",RANK($E4,$E$2:$E$101,0)+COUNTIFS($E$2:$E$101,$E4,$C$2:$C$101,">"&$C4))
A5: =IFERROR(INDIRECT("Cadastro de Participantes!A" & ROW()),"") | B5: =IF($A5="","",COUNTIF('Controle de Palpites'!$B:$B,$A5)) | C5: =IF($A5="","",SUMIFS('Controle de Palpites'!$J:$J,'Controle de Palpites'!$B:$B,$A5,'Controle de Palpites'!$J:$J,3)) | D5: =IF($A5="","",COUNTIFS('Controle de Palpites'!$B:$B,$A5,'Controle de Palpites'!$J:$J,">=1")) | E5: =IF($A5="","",SUMIFS('Controle de Palpites'!$J:$J,'Controle de Palpites'!$B:$B,$A5)) | F5: =IF($B5=0,"",ROUND($E5/$B5,2)) | G5: =IF($E5="","",RANK($E5,$E$2:$E$101,0)+COUNTIFS($E$2:$E$101,$E5,$C$2:$C$101,">"&$C5))
A6: =IFERROR(INDIRECT("Cadastro de Participantes!A" & ROW()),"") | B6: =IF($A6="","",COUNTIF('Controle de Palpites'!$B:$B,$A6)) | C6: =IF($A6="","",SUMIFS('Controle de Palpites'!$J:$J,'Controle de Palpites'!$B:$B,$A6,'Controle de Palpites'!$J:$J,3)) | D6: =IF($A6="","",COUNTIFS('Controle de Palpites'!$B:$B,$A6,'Controle de Palpites'!$J:$J,">=1")) | E6: =IF($A6="","",SUMIFS('Controle de Palpites'!$J:$J,'Controle de Palpites'!$B:$B,$A6)) | F6: =IF($B6=0,"",ROUND($E6/$B6,2)) | G6: =IF($E6="","",RANK($E6,$E$2:$E$101,0)+COUNTIFS($E$2:$E$101,$E6,$C$2:$C$101,">"&$C6))
A7: =IFERROR(INDIRECT("Cadastro de Participantes!A" & ROW()),"") | B7: =IF($A7="","",COUNTIF('Controle de Palpites'!$B:$B,$A7)) | C7: =IF($A7="","",SUMIFS('Controle de Palpites'!$J:$J,'Controle de Palpites'!$B:$B,$A7,'Controle de Palpites'!$J:$J,3)) | D7: =IF($A7="","",COUNTIFS('Controle de Palpites'!$B:$B,$A7,'Controle de Palpites'!$J:$J,">=1")) | E7: =IF($A7="","",SUMIFS('Controle de Palpites'!$J:$J,'Controle de Palpites'!$B:$B,$A7)) | F7: =IF($B7=0,"",ROUND($E7/$B7,2)) | G7: =IF($E7="","",RANK($E7,$E$2:$E$101,0)+COUNTIFS($E$2:$E$101,$E7,$C$2:$C$101,">"&$C7))
A8: =IFERROR(INDIRECT("Cadastro de Participantes!A" & ROW()),"") | B8: =IF($A8="","",COUNTIF('Controle de Palpites'!$B:$B,$A8)) | C8: =IF($A8="","",SUMIFS('Controle de Palpites'!$J:$J,'Controle de Palpites'!$B:$B,$A8,'Controle de Palpites'!$J:$J,3)) | D8: =IF($A8="","",COUNTIFS('Controle de Palpites'!$B:$B,$A8,'Controle de Palpites'!$J:$J,">=1")) | E8: =IF($A8="","",SUMIFS('Controle de Palpites'!$J:$J,'Controle de Palpites'!$B:$B,$A8)) | F8: =IF($B8=0,"",ROUND($E8/$B8,2)) | G8: =IF($E8="","",RANK($E8,$E$2:$E$101,0)+COUNTIFS($E$2:$E$101,$E8,$C$2:$C$101,">"&$C8))
A9: =IFERROR(INDIRECT("Cadastro de Participantes!A" & ROW()),"") | B9: =IF($A9="","",COUNTIF('Controle de Palpites'!$B:$B,$A9)) | C9: =IF($A9="","",SUMIFS('Controle de Palpites'!$J:$J,'Controle de Palpites'!$B:$B,$A9,'Controle de Palpites'!$J:$J,3)) | D9: =IF($A9="","",COUNTIFS('Controle de Palpites'!$B:$B,$A9,'Controle de Palpites'!$J:$J,">=1")) | E9: =IF($A9="","",SUMIFS('Controle de Palpites'!$J:$J,'Controle de Palpites'!$B:$B,$A9)) | F9: =IF($B9=0,"",ROUND($E9/$B9,2)) | G9: =IF($E9="","",RANK($E9,$E$2:$E$101,0)+COUNTIFS($E$2:$E$101,$E9,$C$2:$C$101,">"&$C9))
A10: =IFERROR(INDIRECT("Cadastro de Participantes!A" & ROW()),"") | B10: =IF($A10="","",COUNTIF('Controle de Palpites'!$B:$B,$A10)) | C10: =IF($A10="","",SUMIFS('Controle de Palpites'!$J:$J,'Controle de Palpites'!$B:$B,$A10,'Controle de Palpites'!$J:$J,3)) | D10: =IF($A10="","",COUNTIFS('Controle de Palpites'!$B:$B,$A10,'Controle de Palpites'!$J:$J,">=1")) | E10: =IF($A10="","",SUMIFS('Controle de Palpites'!$J:$J,'Controle de Palpites'!$B:$B,$A10)) | F10: =IF($B10=0,"",ROUND($E10/$B10,2)) | G10: =IF($E10="","",RANK($E10,$E$2:$E$101,0)+COUNTIFS($E$2:$E$101,$E10,$C$2:$C$101,">"&$C10))
A11: =IFERROR(INDIRECT("Cadastro de Participantes!A" & ROW()),"") | B11: =IF($A11="","",COUNTIF('Controle de Palpites'!$B:$B,$A11)) | C11: =IF($A11="","",SUMIFS('Controle de Palpites'!$J:$J,'Controle de Palpites'!$B:$B,$A11,'Controle de Palpites'!$J:$J,3)) | D11: =IF($A11="","",COUNTIFS('Controle de Palpites'!$B:$B,$A11,'Controle de Palpites'!$J:$J,">=1")) | E11: =IF($A11="","",SUMIFS('Controle de Palpites'!$J:$J,'Controle de Palpites'!$B:$B,$A11)) | F11: =IF($B11=0,"",ROUND($E11/$B11,2)) | G11: =IF($E11="","",RANK($E11,$E$2:$E$101,0)+COUNTIFS($E$2:$E$101,$E11,$C$2:$C$101,">"&$C11))
A12: =IFERROR(INDIRECT("Cadastro de Participantes!A" & ROW()),"") | B12: =IF($A12="","",COUNTIF('Controle de Palpites'!$B:$B,$A12)) | C12: =IF($A12="","",SUMIFS('Controle de Palpites'!$J:$J,'Controle de Palpites'!$B:$B,$A12,'Controle de Palpites'!$J:$J,3)) | D12: =IF($A12="","",COUNTIFS('Controle de Palpites'!$B:$B,$A12,'Controle de Palpites'!$J:$J,">=1")) | E12: =IF($A12="","",SUMIFS('Controle de Palpites'!$J:$J,'Controle de Palpites'!$B:$B,$A12)) | F12: =IF($B12=0,"",ROUND($E12/$B12,2)) | G12: =IF($E12="","",RANK($E12,$E$2:$E$101,0)+COUNTIFS($E$2:$E$101,$E12,$C$2:$C$101,">"&$C12))
A13: =IFERROR(INDIRECT("Cadastro de Participantes!A" & ROW()),"") | B13: =IF($A13="","",COUNTIF('Controle de Palpites'!$B:$B,$A13)) | C13: =IF($A13="","",SUMIFS('Controle de Palpites'!$J:$J,'Controle de Palpites'!$B:$B,$A13,'Controle de Palpites'!$J:$J,3)) | D13: =IF($A13="","",COUNTIFS('Controle de Palpites'!$B:$B,$A13,'Controle de Palpites'!$J:$J,">=1")) | E13: =IF($A13="","",SUMIFS('Controle de Palpites'!$J:$J,'Controle de Palpites'!$B:$B,$A13)) | F13: =IF($B13=0,"",ROUND($E13/$B13,2)) | G13: =IF($E13="","",RANK($E13,$E$2:$E$101,0)+COUNTIFS($E$2:$E$101,$E13,$C$2:$C$101,">"&$C13))
... A101: =IFERROR(INDIRECT("Cadastro de Participantes!A" & ROW()),"") | B101: =IF($A101="","",COUNTIF('Controle de Palpites'!$B:$B,$A101)) | C101: =IF($A101="","",SUMIFS('Controle de Palpites'!$J:$J,'Controle de Palpites'!$B:$B,$A101,'Controle de Palpites'!$J:$J,3)) | D101: =IF($A101="","",COUNTIFS('Controle de Palpites'!$B:$B,$A101,'Controle de Palpites'!$J:$J,">=1")) | E101: =IF($A101="","",SUMIFS('Controle de Palpites'!$J:$J,'Controle de Palpites'!$B:$B,$A101)) | F101: =IF($B101=0,"",ROUND($E101/$B101,2)) | G101: =IF($E101="","",RANK($E101,$E$2:$E$101,0)+COUNTIFS($E$2:$E$101,$E101,$C$2:$C$101,">"&$C101))

Sheet Painel Geral
A1: Painel Geral do Bolão
A2: Última atualização: preencha resultados em Tabela de Jogos e palpites em Controle de Palpites.
A3: Prêmio: sorvete pago pelo perdedor, local a critério do vencedor.
A5: Top 5 Participantes
A6: 1º | B6: =IFERROR(INDEX('Classificação e Ranking Geral'!$A:$A, MATCH(1, 'Classificação e Ranking Geral'!$G:$G, 0)), "") | C6: =IFERROR(INDEX('Classificação e Ranking Geral'!$E:$E, MATCH(1, 'Classificação e Ranking Geral'!$G:$G, 0)), "")
A7: 2º | B7: =IFERROR(INDEX('Classificação e Ranking Geral'!$A:$A, MATCH(2, 'Classificação e Ranking Geral'!$G:$G, 0)), "") | C7: =IFERROR(INDEX('Classificação e Ranking Geral'!$E:$E, MATCH(2, 'Classificação e Ranking Geral'!$G:$G, 0)), "")
A8: 3º | B8: =IFERROR(INDEX('Classificação e Ranking Geral'!$A:$A, MATCH(3, 'Classificação e Ranking Geral'!$G:$G, 0)), "") | C8: =IFERROR(INDEX('Classificação e Ranking Geral'!$E:$E, MATCH(3, 'Classificação e Ranking Geral'!$G:$G, 0)), "")
A9: 4º | B9: =IFERROR(INDEX('Classificação e Ranking Geral'!$A:$A, MATCH(4, 'Classificação e Ranking Geral'!$G:$G, 0)), "") | C9: =IFERROR(INDEX('Classificação e Ranking Geral'!$E:$E, MATCH(4, 'Classificação e Ranking Geral'!$G:$G, 0)), "")
A10: 5º | B10: =IFERROR(INDEX('Classificação e Ranking Geral'!$A:$A, MATCH(5, 'Classificação e Ranking Geral'!$G:$G, 0)), "") | C10: =IFERROR(INDEX('Classificação e Ranking Geral'!$E:$E, MATCH(5, 'Classificação e Ranking Geral'!$G:$G, 0)), "")
